Code_Filiere,Nom_Filiere,Universite,Etablissement,SDO_2023,SDO_2024,SDO_2025,Code_RIASEC,Taux_Employabilite,Croissance_Domaine,Alignment_National,source
MAT001,"Licence en Arabe","Université de Tunis","Faculté des Sciences Humaines et Sociales de Tunis",155.2196,110.4043,136.07,ASE,Faible,Stable,Modéré,"Analyse sectorielle & OMQ"
MAT002,"Licence en Anglais","Université de Tunis","Faculté des Sciences Humaines et Sociales de Tunis",,159,156.6,ASE,Moyen,Stable,Élevé,"Analyse sectorielle & OMQ"
MAT003,"Licence en Français","Université de Tunis","Faculté des Sciences Humaines et Sociales de Tunis",128.3947,121.3701,107.4029,ASE,Moyen,Stable,Élevé,"Analyse sectorielle & OMQ"
MAT004,"Licence en Sociologie","Université de Tunis","Faculté des Sciences Humaines et Sociales de Tunis",150.845,152.645,159.315,SIE,Faible,Stable,Modéré,"Analyse sectorielle & OMQ"
MAT005,"Licence en Psychologie","Université de Tunis","Faculté des Sciences Humaines et Sociales de Tunis",,,134.18,SIE,Élevé,Croissance,Élevé,"Analyse sectorielle & OMQ"
MAT006,"Licence en Géomatique et Aménagement","Université de Tunis","Faculté des Sciences Humaines et Sociales de Tunis",,81.1899,104.1999,IRC,Élevé,Croissance,Élevé,"Analyse sectorielle & OMQ"
MAT007,"Licence en Médiation et Animation","Université de Tunis","Institut Supérieur de l'Animation pour la Jeunesse et la Culture - Le Bardo",,,101.875,EAS,Moyen,Croissance,Élevé,"Analyse sectorielle & OMQ"
MAT008,"Licence en Arts Plastiques","Université de Tunis","Institut Supérieur des Beaux-Arts de Tunis",96.57,109.1318,114.4098,ARE,Faible,Stable,Modéré,"Analyse sectorielle & OMQ"
MAT009,"Licence en Design d'Espace","Université de Tunis","Institut Supérieur des Beaux-Arts de Tunis",141.7536,145.3595,94.66,ARE,Élevé,Croissance,Élevé,"Analyse sectorielle & OMQ"
MAT010,"Licence en Design de Produit","Université de Tunis","Institut Supérieur des Beaux-Arts de Tunis",,120.5088,118.7433,ARE,Élevé,Croissance,Élevé,"Analyse sectorielle & OMQ"
MAT011,"Licence en Design d'Image","Université de Tunis","Institut Supérieur des Beaux-Arts de Tunis",,113.6926,122.7932,ARE,Élevé,Croissance,Élevé,"Analyse sectorielle & OMQ"
MAT012,"Licence en Musique et Sciences Musicales","Université de Tunis","Institut Supérieur de Musique de Tunis",107.0962,125.98,130.5989,ARE,Faible,Stable,Modéré,"Analyse sectorielle & OMQ"
MAT013,"Licence en Théâtre et Arts du Spectacle","Université de Tunis","Institut Supérieur d'Art Dramatique de Tunis",,109.565,107.065,ARE,Faible,Stable,Modéré,"Analyse sectorielle & OMQ"
MAT014,"Filière préparatoire scientifique","Université de Tunis","Institut Préparatoire aux Études d'Ingénieurs de Tunis",160.47,159.065,120.61,IRC,Moyen,Stable,Élevé,"Analyse sectorielle & OMQ"
MAT015,"Licence en Informatique de Gestion","Université de Tunis","Institut Supérieur de Gestion de Tunis",169.11,173.3721,111.0019,CIE,Élevé,Croissance,"Très Élevé","Analyse sectorielle & OMQ"
MAT016,"Licence en Sciences Économiques","Université de Tunis","Institut Supérieur de Gestion de Tunis",138.87,147.8312,126.811,ECI,Moyen,Stable,Élevé,"Analyse sectorielle & OMQ"
MAT017,"Licence en Sciences de Gestion","Université de Tunis","Institut Supérieur de Gestion de Tunis",143.01,157.4024,104.2822,ECI,Moyen,Stable,Élevé,"Analyse sectorielle & OMQ"
MAT018,"Licence en Informatique de Gestion","Université de Tunis","École Supérieure des Sciences Économiques et Commerciales de Tunis",144.022,156.006,111.605,CIE,Élevé,Croissance,"Très Élevé","Analyse sectorielle & OMQ"
MAT019,"Licence en Sciences Économiques","Université de Tunis","École Supérieure des Sciences Économiques et Commerciales de Tunis",113.4896,128.43,93.5094,ECI,Moyen,Stable,Élevé,"Analyse sectorielle & OMQ"
MAT020,"Licence en Sciences de Gestion","Université de Tunis","École Supérieure des Sciences Économiques et Commerciales de Tunis",94.0958,134.804,105.0366,ECI,Moyen,Stable,Élevé,"Analyse sectorielle & OMQ"
MAT021,"Filière préparatoire - Langues et Lettres: Arabe","Université de Tunis","Institut Préparatoire aux Études Littéraires et de Sciences Humaines de Tunis",140.105,147.4775,131.575,ASE,Faible,Stable,Modéré,"Analyse sectorielle & OMQ"
MAT022,"Filière préparatoire - Langues et Lettres: Français","Université de Tunis","Institut Préparatoire aux Études Littéraires et de Sciences Humaines de Tunis",165.5825,121.8325,128.7575,ASE,Moyen,Stable,Élevé,"Analyse sectorielle & OMQ"
MAT023,"Filière préparatoire - Sciences Humaines: Géographie","Université de Tunis","Institut Préparatoire aux Études Littéraires et de Sciences Humaines de Tunis",,,98.2175,IRC,Faible,Stable,Modéré,"Analyse sectorielle & OMQ"
MAT024,"Licence en Éducation et Enseignement","Université de Tunis","Institut Supérieur des Études Appliquées en Humanités de Zaghouan",101.925,117.23,130.975,SIE,Élevé,Croissance,Élevé,"Analyse sectorielle & OMQ"
MAT025,"Filière préparatoire intégrée","Université de Tunis","Institut Supérieur du Numérique de Tunis",,180.495,184.24,IRC,Élevé,Croissance,"Très Élevé","Analyse sectorielle & OMQ"
MAT026,"Baccalauréat en Administration des Affaires","Université de Tunis","Institut Supérieur des Affaires de Tunis",163.27,166.185,155.03,ECI,Élevé,Croissance,"Très Élevé","Analyse sectorielle & OMQ"
MAT027,"Licence en Allemand","Université de la Manouba","Faculté des Lettres des Arts et des Humanités de La Manouba",123.2462,157.8999,105.6484,ASE,Moyen,Stable,Modéré,"Analyse sectorielle & OMQ"
MAT028,"Licence en Géomatique Environnement et Aménagement","Université de la Manouba","Faculté des Lettres des Arts et des Humanités de La Manouba",,100.775,102.3751,IRC,Élevé,Croissance,Élevé,"Analyse sectorielle & OMQ"
MAT029,"Licence en Anglais","Université de la Manouba","Faculté des Lettres des Arts et des Humanités de La Manouba",147.3711,109.7322,125.3077,ASE,Moyen,Stable,Élevé,"Analyse sectorielle & OMQ"
MAT030,"Filière préparatoire - Langues et Lettres: Arabe","Université de la Manouba","Faculté des Lettres des Arts et des Humanités de La Manouba",134.5025,109.5774,113.4668,ASE,Faible,Stable,Modéré,"Analyse sectorielle & OMQ"
MAT031,"Filière préparatoire - Langues et Lettres: Français","Université de la Manouba","Faculté des Lettres des Arts et des Humanités de La Manouba",124.6275,120.275,120.3057,ASE,Moyen,Stable,Élevé,"Analyse sectorielle & OMQ"
MAT032,"Filière préparatoire - Langues et Lettres: Anglais","Université de la Manouba","Faculté des Lettres des Arts et des Humanités de La Manouba",,,96.48,ASE,Moyen,Stable,Élevé,"Analyse sectorielle & OMQ"
MAT033,"Licence en Journalisme","Université de la Manouba","Institut de Presse et des Sciences de l'Information",114.0432,113.845,109,EAS,Moyen,Déclin,Modéré,"Analyse sectorielle & OMQ"
MAT034,"Licence en Communication","Université de la Manouba","Institut de Presse et des Sciences de l'Information",,106.1451,113.5825,EAS,Élevé,Croissance,Élevé,"Analyse sectorielle & OMQ"
MAT035,"Licence en Gestion Électronique de l'Information et des Documents","Université de la Manouba","Institut Supérieur de Documentation de Tunis",,,106.3902,CIR,Élevé,Croissance,Élevé,"Analyse sectorielle & OMQ"
MAT036,"Licence en Documentation Sciences Bibliothéconomiques et Archivistique","Université de la Manouba","Institut Supérieur de Documentation de Tunis",,,100.1067,CIR,Moyen,Stable,Modéré,"Analyse sectorielle & OMQ"
MAT037,"Licence en Éducation Spécialisée","Université de la Manouba","Institut Supérieur de l'Éducation Spécialisée",86.9924,95.3026,106.6083,SIE,Élevé,Croissance,Élevé,"Analyse sectorielle & OMQ"
MAT038,"Licence en Sciences de Gestion","Université de la Manouba","Institut Supérieur de Comptabilité et d'Administration des Entreprises de La Manouba",117.845,138.2173,90.745,ECI,Moyen,Stable,Élevé,"Analyse sectorielle & OMQ"
MAT039,"Licence en Sciences Économiques","Université de la Manouba","École Supérieure de Commerce de La Manouba",111.815,128.9564,89.6819,ECI,Moyen,Stable,Élevé,"Analyse sectorielle & OMQ"
MAT040,"Licence en Sciences de Gestion","Université de la Manouba","École Supérieure de Commerce de La Manouba",110.64,131.6314,101.23,ECI,Moyen,Stable,Élevé,"Analyse sectorielle & OMQ"
MAT041,"Licence en Cinéma et Audiovisuel","Université de la Manouba","Institut Supérieur des Arts Multimédias de La Manouba",123.8151,110.8699,113.0669,ARE,Moyen,Croissance,Modéré,"Analyse sectorielle & OMQ"
MAT042,"Licence en Sciences Informatiques","Université de la Manouba","Institut Supérieur des Arts Multimédias de La Manouba",168.5197,170.9486,126.08,IRC,Élevé,Croissance,"Très Élevé","Analyse sectorielle & OMQ"
MAT043,"Licence en Arts et Médias","Université de la Manouba","Institut Supérieur des Arts Multimédias de La Manouba",125.659,123.6313,119.7009,ARE,Moyen,Croissance,Modéré,"Analyse sectorielle & OMQ"
MAT044,"Licence en Design d'Espace","Université de la Manouba","École Supérieure des Sciences et Technologies du Design",144.8673,144.11,91.8722,ARE,Élevé,Croissance,Élevé,"Analyse sectorielle & OMQ"
MAT045,"Licence en Design de Produit","Université de la Manouba","École Supérieure des Sciences et Technologies du Design",113.8478,115.5707,107.4136,ARE,Élevé,Croissance,Élevé,"Analyse sectorielle & OMQ"
MAT046,"Licence en Design d'Image","Université de la Manouba","École Supérieure des Sciences et Technologies du Design",116.52,118.8984,97.1954,ARE,Élevé,Croissance,Élevé,"Analyse sectorielle & OMQ"
MAT047,"Licence en Sciences de la Vie","Université de la Manouba","Institut Supérieur de Biotechnologie de Sidi Thabet",102,107.5,109.865,IRC,Élevé,Croissance,Élevé,"Analyse sectorielle & OMQ"
MAT048,"Licence en Biotechnologie","Université de la Manouba","Institut Supérieur de Biotechnologie de Sidi Thabet",116.0629,117.7321,112.8497,IRC,Élevé,Croissance,"Très Élevé","Analyse sectorielle & OMQ"
MAT049,"Licence en Sciences et Techniques des Activités Physiques et Sportives","Université de la Manouba","Institut Supérieur du Sport et de l'Éducation Physique du Kram",129.17,146.788,125.313,RIC,Élevé,Croissance,Élevé,"Analyse sectorielle & OMQ"
MAT050,"Licence en Informatique de Gestion","Université de la Manouba","École Supérieure d'Économie Numérique de La Manouba",155.275,163.0787,122.76,CIE,Élevé,Croissance,"Très Élevé","Analyse sectorielle & OMQ"
MAT051,"Filière préparatoire intégrée: Maths-Physique-Chimie","Université de la Manouba","École Nationale d'Ingénieurs de La Manouba",162.045,165.585,155.0325,IRC,Élevé,Croissance,"Très Élevé","Analyse sectorielle & OMQ"
MAT052,"Filière préparatoire intégrée: Maths-Physique et Informatique","Université de la Manouba","École Nationale d'Ingénieurs de La Manouba",175.67,177.9475,167.3825,IRC,Élevé,Croissance,"Très Élevé","Analyse sectorielle & OMQ"
MAT053,"Licence en Sciences Géomatiques et Applications","Université de Tunis El Manar","Faculté des Sciences de Tunis",125.2703,122.4829,119.8169,IRC,Élevé,Croissance,Élevé,"Analyse sectorielle & OMQ"
MAT054,"Licence en Chimie","Université de Tunis El Manar","Faculté des Sciences de Tunis",117.3006,89.1251,95.0072,IRC,Moyen,Stable,Élevé,"Analyse sectorielle & OMQ"
MAT055,"Licence en Physique et Chimie","Université de Tunis El Manar","Faculté des Sciences de Tunis",123.4459,122.1512,119.0268,IRC,Moyen,Stable,Élevé,"Analyse sectorielle & OMQ"
MAT056,"Licence en Physique","Université de Tunis El Manar","Faculté des Sciences de Tunis",116.6407,116.2395,98.315,IRC,Moyen,Stable,Élevé,"Analyse sectorielle & OMQ"
MAT057,"Licence en Physique et Énergie","Université de Tunis El Manar","Faculté des Sciences de Tunis",143.82,113.2435,119.4495,IRC,Élevé,Croissance,"Très Élevé","Analyse sectorielle & OMQ"
MAT058,"Licence en Mathématiques Appliquées","Université de Tunis El Manar","Faculté des Sciences de Tunis",113.4414,116.4695,99.1117,IRC,Élevé,Croissance,"Très Élevé","Analyse sectorielle & OMQ"
MAT059,"Licence en Mathématiques","Université de Tunis El Manar","Faculté des Sciences de Tunis",107.5047,87.8666,85.1017,IRC,Moyen,Stable,Élevé,"Analyse sectorielle & OMQ"
MAT060,"Licence en Sciences de la Terre","Université de Tunis El Manar","Faculté des Sciences de Tunis",110.8146,,105.5644,IRC,Moyen,Stable,Élevé,"Analyse sectorielle & OMQ"
MAT061,"Licence en Sciences de la Vie et Environnement","Université de Tunis El Manar","Faculté des Sciences de Tunis",,105.1026,102.6557,IRC,Élevé,Croissance,"Très Élevé","Analyse sectorielle & OMQ"
MAT062,"Licence en Sciences de la Vie et de la Terre","Université de Tunis El Manar","Faculté des Sciences de Tunis",112.5926,108.8065,113.8694,IRC,Élevé,Croissance,Élevé,"Analyse sectorielle & OMQ"
MAT063,"Licence en Chimie - Biologie","Université de Tunis El Manar","Faculté des Sciences de Tunis",109.015,103.5884,105.8301,IRC,Moyen,Stable,Élevé,"Analyse sectorielle & OMQ"
MAT064,"Filière préparatoire intégrée","Université de Tunis El Manar","Faculté des Sciences de Tunis",183.775,184.0333,177.81,IRC,Élevé,Croissance,"Très Élevé","Analyse sectorielle & OMQ"
MAT065,"Licence en Ingénierie des Systèmes d'Informatique","Université de Tunis El Manar","Faculté des Sciences de Tunis",169.8197,170.7613,99.2017,IRC,Élevé,Croissance,"Très Élevé","Analyse sectorielle & OMQ"
MAT066,"Licence en Technologies de l'Information et de la Communication","Université de Tunis El Manar","Faculté des Sciences de Tunis",153.2508,152.4019,101.3486,IRC,Élevé,Croissance,"Très Élevé","Analyse sectorielle & OMQ"
MAT067,"Licence en Électronique Électrotechnique et Automatique","Université de Tunis El Manar","Faculté des Sciences de Tunis",157.702,106.8343,118.0531,IRC,Élevé,Croissance,"Très Élevé","Analyse sectorielle & OMQ"
MAT068,"Filière préparatoire: Biologie - Géo","Université de Tunis El Manar","Faculté des Sciences de Tunis",141.0383,150.1283,140.2217,IRC,Moyen,Stable,Élevé,"Analyse sectorielle & OMQ"
MAT069,"Filière préparatoire scientifique: Physique - Chimie","Université de Tunis El Manar","Faculté des Sciences de Tunis",150.415,154.08,112.565,IRC,Moyen,Stable,Élevé,"Analyse sectorielle & OMQ"
MAT070,"Licence en Sciences de la Vie","Université de Tunis El Manar","Faculté des Sciences de Tunis",122.035,120.515,119.4778,IRC,Élevé,Croissance,Élevé,"Analyse sectorielle & OMQ"
MAT071,"Licence en Sciences Informatiques","Université de Tunis El Manar","Faculté des Sciences de Tunis",177.0583,179.4818,140.4375,IRC,Élevé,Croissance,"Très Élevé","Analyse sectorielle & OMQ"
MAT072,Médecine,"Université de Tunis El Manar","Faculté de Médecine de Tunis",183.325,188.47,190.33,IEC,"Très Élevé",Croissance,"Très Élevé","Analyse sectorielle & OMQ"
MAT073,"Licence en Anesthésie et Réanimation","Université de Tunis El Manar","École Supérieure des Sciences et Techniques de la Santé de Tunis",164.0952,186.822,109.3751,SIC,Élevé,Croissance,"Très Élevé","Analyse sectorielle & OMQ"
MAT074,"Licence en Imagerie Médicale et Radiothérapie","Université de Tunis El Manar","École Supérieure des Sciences et Techniques de la Santé de Tunis",152.78,155.595,112.7745,SIC,Élevé,Croissance,"Très Élevé","Analyse sectorielle & OMQ"
MAT075,"Licence en Hygiène Prévention et Environnement","Université de Tunis El Manar","École Supérieure des Sciences et Techniques de la Santé de Tunis",111.695,107.6852,103.7332,RIC,Élevé,Croissance,Élevé,"Analyse sectorielle & OMQ"
MAT076,"Licence en Biologie Médicale","Université de Tunis El Manar","École Supérieure des Sciences et Techniques de la Santé de Tunis",146.9431,152.6248,118.6523,SIC,Élevé,Croissance,"Très Élevé","Analyse sectorielle & OMQ"
MAT077,"Licence en Orthophonie","Université de Tunis El Manar","École Supérieure des Sciences et Techniques de la Santé de Tunis",144.675,148.115,129.345,SIC,Élevé,Croissance,Élevé,"Analyse sectorielle & OMQ"
MAT078,"Licence en Appareillage Orthopédique","Université de Tunis El Manar","École Supérieure des Sciences et Techniques de la Santé de Tunis",125.555,117.98,119.945,RIC,Élevé,Croissance,Élevé,"Analyse sectorielle & OMQ"
MAT079,"Licence en Nutrition Humaine","Université de Tunis El Manar","École Supérieure des Sciences et Techniques de la Santé de Tunis",142.015,148.81,143.26,SIC,Élevé,Croissance,Élevé,"Analyse sectorielle & OMQ"
MAT080,"Licence en Ergothérapie","Université de Tunis El Manar","École Supérieure des Sciences et Techniques de la Santé de Tunis",126.25,115.97,124.045,SIC,Élevé,Croissance,Élevé,"Analyse sectorielle & OMQ"
MAT081,"Licence en Instrumentation de Bloc Opératoire","Université de Tunis El Manar","École Supérieure des Sciences et Techniques de la Santé de Tunis",146.6061,146.055,119.0482,RIC,Élevé,Croissance,Élevé,"Analyse sectorielle & OMQ"
MAT082,"Licence en Soins Pédiatriques","Université de Tunis El Manar","École Supérieure des Sciences et Techniques de la Santé de Tunis",136.2859,133.1187,138.9556,SIC,Élevé,Croissance,"Très Élevé","Analyse sectorielle & OMQ"
MAT083,"Licence en Sciences Obstétricales - Sage-femme","Université de Tunis El Manar","École Supérieure des Sciences et Techniques de la Santé de Tunis",147.8045,159.875,133.2097,SIC,Élevé,Croissance,"Très Élevé","Analyse sectorielle & OMQ"
MAT084,"Licence en Droit","Université de Tunis El Manar","Faculté de Droit et des Sciences Politiques de Tunis",139.4424,133.8945,105.468,ECI,Moyen,Stable,Élevé,"Analyse sectorielle & OMQ"
MAT085,"Licence en Informatique de Gestion","Université de Tunis El Manar","Faculté des Sciences Économiques et de Gestion de Tunis",157.565,159.2802,128.875,CIE,Élevé,Croissance,"Très Élevé","Analyse sectorielle & OMQ"
MAT086,"Licence en Sciences Économiques","Université de Tunis El Manar","Faculté des Sciences Économiques et de Gestion de Tunis",140.9939,141.6306,112.136,ECI,Moyen,Stable,Élevé,"Analyse sectorielle & OMQ"
MAT087,"Licence en Sciences de Gestion","Université de Tunis El Manar","Faculté des Sciences Économiques et de Gestion de Tunis",109.231,131.2997,98.3223,ECI,Moyen,Stable,Élevé,"Analyse sectorielle & OMQ"
MAT088,"Licence en Anthropologie","Université de Tunis El Manar","Institut Supérieur des Sciences Humaines de Tunis",153.4594,94.8092,106.3135,SIE,Faible,Stable,Modéré,"Analyse sectorielle & OMQ"
MAT089,"Licence en Espagnol","Université de Tunis El Manar","Institut Supérieur des Sciences Humaines de Tunis",123.1517,115.865,118.9147,ASE,Moyen,Stable,Modéré,"Analyse sectorielle & OMQ"
MAT090,"Licence en Italien","Université de Tunis El Manar","Institut Supérieur des Sciences Humaines de Tunis",,131.0269,148.2164,ASE,Moyen,Stable,Modéré,"Analyse sectorielle & OMQ"
MAT091,"Licence en Allemand","Université de Tunis El Manar","Institut Supérieur des Sciences Humaines de Tunis",,127.395,155.8455,ASE,Moyen,Stable,Modéré,"Analyse sectorielle & OMQ"
MAT092,"Licence en Sociologie","Université de Tunis El Manar","Institut Supérieur des Sciences Humaines de Tunis",153.2,157.945,156.46,SIE,Faible,Stable,Modéré,"Analyse sectorielle & OMQ"
MAT093,"Licence en Psychologie","Université de Tunis El Manar","Institut Supérieur des Sciences Humaines de Tunis",,,147.6654,SIE,Élevé,Croissance,Élevé,"Analyse sectorielle & OMQ"
MAT094,"Licence en Arabe","Université de Tunis El Manar","Institut Supérieur des Sciences Humaines de Tunis",136.2913,150.785,121.635,ASE,Faible,Stable,Modéré,"Analyse sectorielle & OMQ"
MAT095,"Filière préparatoire intégrée en Ingénierie Vétérinaire","Université de Tunis El Manar","Institut Supérieur des Technologies Médicales de Tunis",153.465,158.615,148.1833,IRC,Élevé,Croissance,"Très Élevé","Analyse sectorielle & OMQ"
MAT096,"Filière préparatoire intégrée en Ingénierie des Biotechnologies de la Santé","Université de Tunis El Manar","Institut Supérieur des Technologies Médicales de Tunis",143.1667,144.775,95.0749,IRC,Élevé,Croissance,"Très Élevé","Analyse sectorielle & OMQ"
MAT097,"Licence en Biotechnologie Médicale","Université de Tunis El Manar","Institut Supérieur des Technologies Médicales de Tunis",131.41,120.87,122.8,IRC,Élevé,Croissance,"Très Élevé","Analyse sectorielle & OMQ"
MAT098,"Licence en Montage et Utilisation d'Audiodescription","Université de Tunis El Manar","Institut Supérieur des Technologies Médicales de Tunis",127.67,121.23,120.57,ARE,Moyen,Croissance,Modéré,"Analyse sectorielle & OMQ"
MAT099,"Licence en Ingénierie Vétérinaire","Université de Tunis El Manar","Institut Supérieur des Technologies Médicales de Tunis",145.8517,144.0648,119.8186,IRC,Élevé,Croissance,"Très Élevé","Analyse sectorielle & OMQ"
MAT100,"Filière préparatoire: Biologie - Géologie","Université de Tunis El Manar","Institut Supérieur des Technologies Médicales de Tunis",,152.125,158.0833,IRC,Moyen,Stable,Élevé,"Analyse sectorielle & OMQ"
MAT101,"Licence en Sciences Informatiques","Université de Tunis El Manar","Institut Supérieur d'Informatique",187.57,191.5889,182.4029,IRC,"Très Élevé",Croissance,"Très Élevé","Analyse sectorielle & OMQ"
MAT102,"Licence en Ingénierie des Systèmes d'Informatique","Université de Tunis El Manar","Institut Supérieur d'Informatique",177.4702,180.8621,170.505,IRC,"Très Élevé",Croissance,"Très Élevé","Analyse sectorielle & OMQ"
MAT103,"Licence en Électronique Électrotechnique et Automatique","Université de Tunis El Manar","Institut Supérieur d'Informatique",164.2557,161.9606,142.1281,IRC,Élevé,Croissance,"Très Élevé","Analyse sectorielle & OMQ"
MAT104,"Filière préparatoire scientifique","Université de Tunis El Manar","Institut Préparatoire aux Études d'Ingénieurs d'El Manar",170.02,175.295,163.15,IRC,Élevé,Croissance,"Très Élevé","Analyse sectorielle & OMQ"
MAT105,"Licence en Sciences de la Vie et Environnement","Université de Tunis El Manar","Institut Supérieur des Sciences Biologiques Appliquées de Tunis",99.045,107.724,112.1573,IRC,Élevé,Croissance,Élevé,"Analyse sectorielle & OMQ"
MAT106,"Licence en Biotechnologie","Université de Tunis El Manar","Institut Supérieur des Sciences Biologiques Appliquées de Tunis",117.1329,126.367,104.097,IRC,Élevé,Croissance,"Très Élevé","Analyse sectorielle & OMQ"
MAT107,"Licence en Sciences Infirmières - Femmes","Université de Tunis El Manar","Institut Supérieur des Sciences Infirmières de Tunis",,,154.615,SIC,Élevé,Croissance,"Très Élevé","Analyse sectorielle & OMQ"
MAT108,"Licence en Sciences Infirmières - Hommes","Université de Tunis El Manar","Institut Supérieur des Sciences Infirmières de Tunis",,,135.2,SIC,Élevé,Croissance,"Très Élevé","Analyse sectorielle & OMQ"
MAT109,Architecture,"Université de Carthage","École Nationale d'Architecture et d'Urbanisme de Tunis",,,152.75,RIC,Élevé,Stable,Élevé,"Analyse sectorielle & OMQ"
MAT110,"Licence en Sciences de l'Éducation","Université de Carthage","Institut Supérieur des Cadres de l'Enfance de Carthage Dermech",,,89.395,SIE,Élevé,Croissance,Élevé,"Analyse sectorielle & OMQ"
MAT111,"Licence en Chimie","Université de Carthage","Faculté des Sciences de Bizerte",,,100.645,IRC,Moyen,Stable,Élevé,"Analyse sectorielle & OMQ"
MAT112,"Licence en Physique et Chimie","Université de Carthage","Faculté des Sciences de Bizerte",,,95.5966,IRC,Moyen,Stable,Élevé,"Analyse sectorielle & OMQ"
MAT113,"Licence en Physique","Université de Carthage","Faculté des Sciences de Bizerte",,,90.0635,IRC,Moyen,Stable,Élevé,"Analyse sectorielle & OMQ"
MAT114,"Licence en Physique et Énergie","Université de Carthage","Faculté des Sciences de Bizerte",,,107.6684,IRC,Élevé,Croissance,"Très Élevé","Analyse sectorielle & OMQ"
MAT115,"Licence en Mathématiques","Université de Carthage","Faculté des Sciences de Bizerte",,,74.9449,IRC,Moyen,Stable,Élevé,"Analyse sectorielle & OMQ"
MAT116,"Licence en Sciences de la Vie","Université de Carthage","Faculté des Sciences de Bizerte",,,115.6403,IRC,Élevé,Croissance,Élevé,"Analyse sectorielle & OMQ"
MAT117,"Licence en Sciences de la Terre","Université de Carthage","Faculté des Sciences de Bizerte",,,90.1086,IRC,Moyen,Stable,Élevé,"Analyse sectorielle & OMQ"
MAT118,"Licence en Sciences de la Vie et Environnement","Université de Carthage","Faculté des Sciences de Bizerte",,,117.2292,IRC,Élevé,Croissance,"Très Élevé","Analyse sectorielle & OMQ"
MAT119,"Licence en Sciences de la Vie et de la Terre","Université de Carthage","Faculté des Sciences de Bizerte",,,106.1761,IRC,Élevé,Croissance,Élevé,"Analyse sectorielle & OMQ"
MAT120,"Filière préparatoire intégrée","Université de Carthage","Faculté des Sciences de Bizerte",,,166.3583,IRC,Élevé,Croissance,"Très Élevé","Analyse sectorielle & OMQ"
MAT121,"Licence en Sciences Informatiques","Université de Carthage","Faculté des Sciences de Bizerte",,,153.765,IRC,Élevé,Croissance,"Très Élevé","Analyse sectorielle & OMQ"
MAT122,"Licence en Ingénierie des Systèmes d'Informatique","Université de Carthage","Faculté des Sciences de Bizerte",,,145.685,IRC,Élevé,Croissance,"Très Élevé","Analyse sectorielle & OMQ"
MAT123,"Licence en Biotechnologie","Université de Carthage","Faculté des Sciences de Bizerte",,,122.9001,IRC,Élevé,Croissance,"Très Élevé","Analyse sectorielle & OMQ"
MAT124,"Licence en Technologies de l'Information et de la Communication","Université de Carthage","Faculté des Sciences de Bizerte",,,137.5183,IRC,Élevé,Croissance,"Très Élevé","Analyse sectorielle & OMQ"
MAT125,"Licence en Ingénierie Énergétique","Université de Carthage","Faculté des Sciences de Bizerte",,,125.2117,IRC,Élevé,Croissance,"Très Élevé","Analyse sectorielle & OMQ"
MAT126,"Licence en Électronique Électrotechnique et Automatique","Université de Carthage","Faculté des Sciences de Bizerte",,,120.635,IRC,Élevé,Croissance,"Très Élevé","Analyse sectorielle & OMQ"
MAT127,"Filière préparatoire intégrée: Maths-Physique et Informatique","Université de Carthage","Faculté des Sciences de Bizerte",,,191.7283,IRC,Élevé,Croissance,"Très Élevé","Analyse sectorielle & OMQ"
MAT128,"Filière préparatoire intégrée: Chimie-Biologie Appliquée","Université de Carthage","Faculté des Sciences de Bizerte",,,163.3067,IRC,Élevé,Croissance,"Très Élevé","Analyse sectorielle & OMQ"
MAT129,"Filière préparatoire intégrée","Université de Carthage","Institut National des Sciences Appliquées et de Technologie de Tunis",143.64,152.91,174.04,IRC,Élevé,Croissance,"Très Élevé","Analyse sectorielle & OMQ"
MAT130,"Filière préparatoire scientifique","Université de Carthage","Institut Préparatoire aux Études d'Ingénieurs de Nabeul",158.69,160.605,131.97,IRC,Moyen,Stable,Élevé,"Analyse sectorielle & OMQ"
MAT131,"Licence en Sciences Agricoles","Université de Carthage","École Supérieure d'Agriculture de Mograne",93.445,98.7126,102.2218,RIC,Élevé,Croissance,"Très Élevé","Analyse sectorielle & OMQ"
MAT132,"Licence en Sciences Agricoles","Université de Carthage","École Supérieure d'Agriculture de Mateur",95.2218,98.9585,95.7273,RIC,Élevé,Croissance,"Très Élevé","Analyse sectorielle & OMQ"
MAT133,"Licence en Industries Alimentaires","Université de Carthage","École Supérieure des Industries Alimentaires de Tunis",110.19,121.09,113.73,RIC,Élevé,Croissance,"Très Élevé","Analyse sectorielle & OMQ"
MAT134,"Licence en Droit","Université de Carthage","Faculté des Sciences Juridiques Politiques et Sociales de Tunis",142.9,160.1683,110.779,ECI,Moyen,Stable,Élevé,"Analyse sectorielle & OMQ"
MAT135,"Licence en Informatique de Gestion","Université de Carthage","Institut des Hautes Études Commerciales de Carthage",176.635,182.1943,163.587,CIE,Élevé,Croissance,"Très Élevé","Analyse sectorielle & OMQ"
MAT136,"Licence en Sciences de Gestion","Université de Carthage","Institut des Hautes Études Commerciales de Carthage",168.0649,173.55,149.81,ECI,Moyen,Stable,Élevé,"Analyse sectorielle & OMQ"
MAT137,"Licence en Sciences du Travail","Université de Carthage","Institut National du Travail et des Études Sociales de Tunis",,116.595,121.665,ECI,Moyen,Stable,Élevé,"Analyse sectorielle & OMQ"
MAT138,"Licence en Sciences Économiques","Université de Carthage","Institut National du Travail et des Études Sociales de Tunis",,118.725,128.2449,ECI,Moyen,Stable,Élevé,"Analyse sectorielle & OMQ"
MAT139,"Licence en Sciences de Gestion","Université de Carthage","Institut National du Travail et des Études Sociales de Tunis",113.5484,126.4312,106.8896,ECI,Moyen,Stable,Élevé,"Analyse sectorielle & OMQ"
MAT140,"Licence en Allemand","Université de Carthage","Institut Supérieur des Langues de Tunis",119.0168,118.0637,146.1888,ASE,Moyen,Stable,Modéré,"Analyse sectorielle & OMQ"
MAT141,"Licence en Arabe","Université de Carthage","Institut Supérieur des Langues de Tunis",,148.3074,151.8972,ASE,Faible,Stable,Modéré,"Analyse sectorielle & OMQ"
MAT142,"Licence en Français","Université de Carthage","Institut Supérieur des Langues de Tunis",119.6474,125.1205,110.1185,ASE,Moyen,Stable,Élevé,"Analyse sectorielle & OMQ"
MAT143,"Licence en Design d'Espace","Université de Carthage","Institut Supérieur des Beaux-Arts de Nabeul",,127.0251,139.455,ARE,Élevé,Croissance,Élevé,"Analyse sectorielle & OMQ"
MAT144,"Licence en Design de Produit","Université de Carthage","Institut Supérieur des Beaux-Arts de Nabeul",,118.9519,105.785,ARE,Élevé,Croissance,Élevé,"Analyse sectorielle & OMQ"
MAT145,"Licence en Design d'Image","Université de Carthage","Institut Supérieur des Beaux-Arts de Nabeul",106.6833,115.025,120.52,ARE,Élevé,Croissance,Élevé,"Analyse sectorielle & OMQ"
MAT146,"Licence en Informatique de Gestion","Université de Carthage","Faculté des Sciences Économiques et de Gestion de Nabeul",140.475,138.255,104.6267,CIE,Élevé,Croissance,"Très Élevé","Analyse sectorielle & OMQ"
MAT147,"Licence en Sciences Économiques","Université de Carthage","Faculté des Sciences Économiques et de Gestion de Nabeul",117.965,115.1962,104.15,ECI,Moyen,Stable,Élevé,"Analyse sectorielle & OMQ"
MAT148,"Licence en Sciences de Gestion","Université de Carthage","Faculté des Sciences Économiques et de Gestion de Nabeul",124.045,121.2096,99.035,ECI,Moyen,Stable,Élevé,"Analyse sectorielle & OMQ"
MAT149,"Licence en Sciences Informatiques","Université de Carthage","Institut Supérieur des Sciences Appliquées et de Technologie de Mateur",143.185,142.3528,102.5683,IRC,Élevé,Croissance,"Très Élevé","Analyse sectorielle & OMQ"
MAT150,"Licence en Ingénierie des Systèmes d'Informatique","Université de Carthage","Institut Supérieur des Sciences Appliquées et de Technologie de Mateur",139.255,135.7456,103.1299,IRC,Élevé,Croissance,"Très Élevé","Analyse sectorielle & OMQ"
MAT151,"Licence en Technologies de l'Information et de la Communication","Université de Carthage","Institut Supérieur des Sciences Appliquées et de Technologie de Mateur",128.8383,124.145,98.8245,IRC,Élevé,Croissance,"Très Élevé","Analyse sectorielle & OMQ"
MAT152,"Licence en Électronique Électrotechnique et Automatique","Université de Carthage","Institut Supérieur des Sciences Appliquées et de Technologie de Mateur",109.9569,111.4298,99.32,IRC,Élevé,Croissance,"Très Élevé","Analyse sectorielle & OMQ"
MAT153,"Licence en Urbanisme et Aménagement","Université de Carthage","Institut Supérieur des Technologies de l'Environnement de l'Urbanisme et du Bâtiment",117.195,93.8051,97.3385,IRC,Élevé,Croissance,"Très Élevé","Analyse sectorielle & OMQ"
MAT154,"Licence en Génie Civil","Université de Carthage","Institut Supérieur des Technologies de l'Environnement de l'Urbanisme et du Bâtiment",143.4888,129.3434,128.4089,RIC,Élevé,Croissance,"Très Élevé","Analyse sectorielle & OMQ"
MAT155,"Licence en Sciences de la Mer","Université de Carthage","Institut Supérieur des Sciences de la Mer de Bizerte",,104.33,99.42,IRC,Moyen,Stable,Élevé,"Analyse sectorielle & OMQ"
MAT156,"Filière préparatoire scientifique","Université de Carthage","Institut Préparatoire aux Études d'Ingénieurs de Bizerte",146.015,147.435,88.31,IRC,Moyen,Stable,Élevé,"Analyse sectorielle & OMQ"
MAT157,"Filière préparatoire: Biologie - Géologie","Université de Carthage","Institut Préparatoire aux Études d'Ingénieurs de Bizerte",129.2417,133.005,100.265,IRC,Moyen,Stable,Élevé,"Analyse sectorielle & OMQ"
MAT158,"Licence en Ingénierie Énergétique","Université de Carthage","Institut Supérieur des Sciences et Technologies de l'Environnement de Borj Cédria",136.5606,138.0211,120.4927,IRC,Élevé,Croissance,"Très Élevé","Analyse sectorielle & OMQ"
MAT159,"Licence en Chimie","Université de Carthage","Institut Supérieur des Sciences et Technologies de l'Environnement de Borj Cédria",,105.3455,92.14,IRC,Moyen,Stable,Élevé,"Analyse sectorielle & OMQ"
MAT160,"Licence en Physique et Chimie","Université de Carthage","Institut Supérieur des Sciences et Technologies de l'Environnement de Borj Cédria",111.3638,109.3915,101.975,IRC,Moyen,Stable,Élevé,"Analyse sectorielle & OMQ"
MAT161,"Licence en Mathématiques Appliquées","Université de Carthage","Institut Supérieur des Sciences et Technologies de l'Environnement de Borj Cédria",,80.3249,97.0562,IRC,Élevé,Croissance,"Très Élevé","Analyse sectorielle & OMQ"
MAT162,"Licence en Sciences de la Vie et Environnement","Université de Carthage","Institut Supérieur des Sciences et Technologies de l'Environnement de Borj Cédria",,,130.6684,IRC,Élevé,Croissance,"Très Élevé","Analyse sectorielle & OMQ"
MAT163,"Licence en Sciences de la Terre","Université de Carthage","Institut Supérieur des Sciences et Technologies de l'Environnement de Borj Cédria",1,144.77,107.2196,IRC,Moyen,Stable,Élevé,"Analyse sectorielle & OMQ"
MAT164,"Licence en Tourisme","Université de Carthage","Institut Supérieur des Études Touristiques et Hôtelières de Sidi Dhrif",117.0715,102.0767,102.72,ECS,Moyen,Croissance,Élevé,"Analyse sectorielle & OMQ"
MAT165,"Licence en Hôtellerie","Université de Carthage","Institut Supérieur des Études Touristiques et Hôtelières de Sidi Dhrif",118.445,95.01,100.76,ECR,Moyen,Croissance,Élevé,"Analyse sectorielle & OMQ"
MAT166,"Licence en Informatique de Gestion","Université de Carthage","Institut Supérieur de Gestion de Bizerte",138.325,138.895,114.725,CIE,Élevé,Croissance,"Très Élevé","Analyse sectorielle & OMQ"
MAT167,"Licence en Sciences Économiques","Université de Carthage","Institut Supérieur de Gestion de Bizerte",97.8333,110.9411,97.8717,ECI,Moyen,Stable,Élevé,"Analyse sectorielle & OMQ"
MAT168,"Licence en Sciences de Gestion","Université de Carthage","Institut Supérieur de Gestion de Bizerte",125.125,116.84,107.79,ECI,Moyen,Stable,Élevé,"Analyse sectorielle & OMQ"
MAT169,"Filière préparatoire: Biologie - Géologie","Université de Carthage","Institut Supérieur des Études Préparatoires en Biologie et Géologie de Sra",141.0367,156.5433,126.3933,IRC,Moyen,Stable,Élevé,"Analyse sectorielle & OMQ"
MAT170,"Licence en Technologies de l'Information et de la Communication","Université de Carthage","Institut Supérieur des Technologies de l'Information et de la Communication de Borj Cédria",150.9414,1150.1817,107.202,IRC,Élevé,Croissance,"Très Élevé","Analyse sectorielle & OMQ"
MAT171,"Licence en Ingénierie des Systèmes d'Informatique","Université de Carthage","Institut Supérieur des Technologies de l'Information et de la Communication de Borj Cédria",161.9659,161.0992,128.1807,IRC,Élevé,Croissance,"Très Élevé","Analyse sectorielle & OMQ"
MAT172,"Licence en Électronique Électrotechnique et Automatique","Université de Carthage","Institut Supérieur des Technologies de l'Information et de la Communication de Borj Cédria",142.2351,141.7215,98.3532,IRC,Élevé,Croissance,"Très Élevé","Analyse sectorielle & OMQ"
MAT173,"Licence en Sciences Informatiques","Université de Carthage","Institut Supérieur des Technologies de l'Information et de la Communication de Borj Cédria",168.0221,169.815,152.4215,IRC,"Très Élevé",Croissance,"Très Élevé","Analyse sectorielle & OMQ"
MAT174,"Licence en Sciences Religieuses","Université de Zitouna","Institut Supérieur de Théologie de Tunis",107.425,,114.535,SIE,Faible,Stable,Modéré,"Analyse sectorielle & OMQ"
MAT175,"Licence en Sciences Islamiques","Université de Zitouna","Institut Supérieur de Civilisation Islamique de Tunis",113.832,115.0678,124.8048,SIE,Faible,Stable,Modéré,"Analyse sectorielle & OMQ"
MAT176,Médecine,"Université de Sousse","Faculté de Médecine de Sousse",183.6,188.55,195.845,IEC,"Très Élevé",Croissance,"Très Élevé","Analyse sectorielle & OMQ"
MAT177,"Licence en Droit","Université de Sousse","Faculté de Droit et des Sciences Politiques de Sousse",122.805,123.505,101.3399,ECI,Moyen,Stable,Élevé,"Analyse sectorielle & OMQ"
MAT178,"Licence en Arabe","Université de Sousse","Faculté des Lettres et des Sciences Humaines de Sousse",,100.3267,108.2894,ASE,Faible,Stable,Modéré,"Analyse sectorielle & OMQ"
MAT179,"Licence en Anglais","Université de Sousse","Faculté des Lettres et des Sciences Humaines de Sousse",,124.74,117.8515,ASE,Moyen,Stable,Élevé,"Analyse sectorielle & OMQ"
MAT180,"Licence en Français","Université de Sousse","Faculté des Lettres et des Sciences Humaines de Sousse",,,122.4366,ASE,Moyen,Stable,Élevé,"Analyse sectorielle & OMQ"
MAT181,"Licence en Géographie","Université de Sousse","Faculté des Lettres et des Sciences Humaines de Sousse",,,120.2359,IRC,Faible,Stable,Modéré,"Analyse sectorielle & OMQ"
MAT182,"Licence en Informatique de Gestion","Université de Sousse","Institut Supérieur de Gestion de Sousse",143.1981,148.0185,106.735,CIE,Élevé,Croissance,"Très Élevé","Analyse sectorielle & OMQ"
MAT183,"Licence en Sciences Économiques","Université de Sousse","Institut Supérieur de Gestion de Sousse",110.622,109.7651,95.7973,ECI,Moyen,Stable,Élevé,"Analyse sectorielle & OMQ"
MAT184,"Licence en Sciences de Gestion","Université de Sousse","Institut Supérieur de Gestion de Sousse",105.9871,125.835,106.625,ECI,Moyen,Stable,Élevé,"Analyse sectorielle & OMQ"
MAT185,"Licence en Sciences Agricoles","Université de Sousse","Institut Supérieur des Sciences Agronomiques de Chott Meriem",107.2511,112.5854,103.0572,RIC,Élevé,Croissance,"Très Élevé","Analyse sectorielle & OMQ"
MAT186,"Licence en Musique et Sciences Musicales","Université de Sousse","Institut Supérieur de Musique de Sousse",,113.495,115.305,ARE,Faible,Stable,Modéré,"Analyse sectorielle & OMQ"
MAT187,"Licence en Design d'Espace","Université de Sousse","Institut Supérieur des Beaux-Arts de Sousse",135.5155,138.43,116.69,ARE,Élevé,Croissance,Élevé,"Analyse sectorielle & OMQ"
MAT188,"Licence en Design de Produit","Université de Sousse","Institut Supérieur des Beaux-Arts de Sousse",,105.3068,93.6935,ARE,Élevé,Croissance,Élevé,"Analyse sectorielle & OMQ"
MAT189,"Licence en Design d'Image","Université de Sousse","Institut Supérieur des Beaux-Arts de Sousse",107.2067,108.6656,113.7571,ARE,Élevé,Croissance,Élevé,"Analyse sectorielle & OMQ"
MAT190,"Licence en Sciences Informatiques","Université de Sousse","Institut Supérieur d'Informatique et des Technologies de la Communication de Sousse",153.575,155.815,136.7781,IRC,Élevé,Croissance,"Très Élevé","Analyse sectorielle & OMQ"
MAT191,"Licence en Ingénierie des Systèmes d'Informatique","Université de Sousse","Institut Supérieur d'Informatique et des Technologies de la Communication de Sousse",147.7135,145.045,104.705,IRC,Élevé,Croissance,"Très Élevé","Analyse sectorielle & OMQ"
MAT192,"Licence en Technologies de l'Information et de la Communication","Université de Sousse","Institut Supérieur d'Informatique et des Technologies de la Communication de Sousse",138.8895,138.5525,107.8733,IRC,Élevé,Croissance,"Très Élevé","Analyse sectorielle & OMQ"
MAT193,"Licence en Technologie et Ingénierie du Transport","Université de Sousse","Institut Supérieur du Transport et de la Logistique de Sousse",78.1537,84.0507,88.8276,RIC,Élevé,Croissance,"Très Élevé","Analyse sectorielle & OMQ"
MAT194,"Licence en Ingénierie Logistique","Université de Sousse","Institut Supérieur du Transport et de la Logistique de Sousse",108.4907,97.8333,99.0433,RIC,Élevé,Croissance,"Très Élevé","Analyse sectorielle & OMQ"
MAT195,"Licence en Sciences du Transport","Université de Sousse","Institut Supérieur du Transport et de la Logistique de Sousse",,85.9779,103.7202,RIC,Élevé,Croissance,"Très Élevé","Analyse sectorielle & OMQ"
MAT196,"Filière préparatoire intégrée-scientifique","Université de Sousse","Institut Supérieur des Sciences Appliquées et de Technologie de Sousse",182.1433,183.4083,173.96,IRC,Élevé,Croissance,"Très Élevé","Analyse sectorielle & OMQ"
MAT197,"Licence en Génie Civil","Université de Sousse","Institut Supérieur des Sciences Appliquées et de Technologie de Sousse",153.281,145.0011,125.42,RIC,Élevé,Croissance,"Très Élevé","Analyse sectorielle & OMQ"
MAT198,"Licence en Génie Mécanique","Université de Sousse","Institut Supérieur des Sciences Appliquées et de Technologie de Sousse",133.6912,158.295,123.14,RIC,Élevé,Croissance,"Très Élevé","Analyse sectorielle & OMQ"
MAT199,"Licence en Ingénierie Énergétique","Université de Sousse","Institut Supérieur des Sciences Appliquées et de Technologie de Sousse",124.762,132.0362,116.875,IRC,Élevé,Croissance,"Très Élevé","Analyse sectorielle & OMQ"
MAT200,"Licence en Électronique Électrotechnique et Automatique","Université de Sousse","Institut Supérieur des Sciences Appliquées et de Technologie de Sousse",126.33,122.4508,108.5569,IRC,Élevé,Croissance,"Très Élevé","Analyse sectorielle & OMQ"
MAT201,"Licence en Électronique","Université de Sousse","Institut Supérieur des Sciences Appliquées et de Technologie de Sousse",125.715,122.095,110.445,IRC,Élevé,Croissance,"Très Élevé","Analyse sectorielle & OMQ"
MAT202,"Licence en Sciences Informatiques","Université de Sousse","Institut Supérieur des Sciences Appliquées et de Technologie de Sousse",170.89,171.2642,161.3025,IRC,"Très Élevé",Croissance,"Très Élevé","Analyse sectorielle & OMQ"
MAT203,"Licence en Ingénierie des Systèmes d'Informatique","Université de Sousse","Institut Supérieur des Sciences Appliquées et de Technologie de Sousse",156.3752,147.2106,106.852,IRC,Élevé,Croissance,"Très Élevé","Analyse sectorielle & OMQ"
MAT204,"Licence en Pédicurie et Podologie","Université de Sousse","École Supérieure des Sciences et Techniques de la Santé de Sousse",133.405,106.945,135.24,SIC,Élevé,Croissance,Élevé,"Analyse sectorielle & OMQ"
MAT205,"Licence en Instrumentation de Bloc Opératoire","Université de Sousse","École Supérieure des Sciences et Techniques de la Santé de Sousse",138.6185,135.6974,129.775,RIC,Élevé,Croissance,Élevé,"Analyse sectorielle & OMQ"
MAT206,"Licence en Soins Pédiatriques","Université de Sousse","École Supérieure des Sciences et Techniques de la Santé de Sousse",141.3952,137.5111,143.7278,SIC,Élevé,Croissance,"Très Élevé","Analyse sectorielle & OMQ"
MAT207,"Licence en Soins d'Urgence et de Réanimation","Université de Sousse","École Supérieure des Sciences et Techniques de la Santé de Sousse",137.17,149.1152,152.5339,SIC,Élevé,Croissance,"Très Élevé","Analyse sectorielle & OMQ"
MAT208,"Licence en Sciences Économiques","Université de Sousse","Institut Supérieur des Finances et de la Fiscalité de Sousse",102.47,109.5286,100.9133,ECI,Moyen,Stable,Élevé,"Analyse sectorielle & OMQ"
MAT209,"Licence en Sciences de Gestion","Université de Sousse","Institut Supérieur des Finances et de la Fiscalité de Sousse",94.2632,105.1134,91.2969,ECI,Moyen,Stable,Élevé,"Analyse sectorielle & OMQ"
MAT210,"Licence en Sciences Économiques","Université de Sousse","Institut des Hautes Études Commerciales de Sousse",151.9668,108.7262,104.9706,ECI,Moyen,Stable,Élevé,"Analyse sectorielle & OMQ"
MAT211,"Licence en Sciences de Gestion","Université de Sousse","Institut des Hautes Études Commerciales de Sousse",158.6168,155.5994,132.57,ECI,Moyen,Stable,Élevé,"Analyse sectorielle & OMQ"
MAT212,"Licence en Chimie","Université de Sousse","École Supérieure des Sciences et Technologies de Hammam Sousse",99.885,94.9051,97.8934,IRC,Moyen,Stable,Élevé,"Analyse sectorielle & OMQ"
MAT213,"Licence en Physique et Énergie","Université de Sousse","École Supérieure des Sciences et Technologies de Hammam Sousse",120.1878,113.325,116.095,IRC,Élevé,Croissance,"Très Élevé","Analyse sectorielle & OMQ"
MAT214,"Licence en Mathématiques","Université de Sousse","École Supérieure des Sciences et Technologies de Hammam Sousse",81.4585,94.4489,87.6065,IRC,Moyen,Stable,Élevé,"Analyse sectorielle & OMQ"
MAT215,"Filière préparatoire scientifique","Université de Sousse","École Supérieure des Sciences et Technologies de Hammam Sousse",145.84,147.235,90.495,IRC,Moyen,Stable,Élevé,"Analyse sectorielle & OMQ"
MAT216,"Licence en Électronique Électrotechnique et Automatique","Université de Sousse","École Supérieure des Sciences et Technologies de Hammam Sousse",120.41,113.695,102.7378,IRC,Élevé,Croissance,"Très Élevé","Analyse sectorielle & OMQ"
MAT217,"Licence en Sciences Informatiques","Université de Sousse","École Supérieure des Sciences et Technologies de Hammam Sousse",151.67,153.325,133.1508,IRC,Élevé,Croissance,"Très Élevé","Analyse sectorielle & OMQ"
MAT218,"Licence en Sciences Infirmières - Femmes","Université de Sousse","Institut Supérieur des Sciences Infirmières de Sousse",155.6262,156.2307,161.5861,SIC,Élevé,Croissance,"Très Élevé","Analyse sectorielle & OMQ"
MAT219,"Licence en Sciences Infirmières - Hommes","Université de Sousse","Institut Supérieur des Sciences Infirmières de Sousse",131.985,133.6537,135.57,SIC,Élevé,Croissance,"Très Élevé","Analyse sectorielle & OMQ"
MAT220,"Licence en Sciences Économiques","Université de Sousse","Faculté des Sciences Économiques et de Gestion de Sousse",121.715,105.8264,100.77,ECI,Moyen,Stable,Élevé,"Analyse sectorielle & OMQ"
MAT221,"Licence en Sciences de Gestion","Université de Sousse","Faculté des Sciences Économiques et de Gestion de Sousse",111.575,110.31,95.6631,ECI,Moyen,Stable,Élevé,"Analyse sectorielle & OMQ"
MAT222,"Licence en Informatique de Gestion","Université de Sfax","Faculté des Sciences Économiques et de Gestion de Sfax",128.3412,135.248,99.8559,CIE,Élevé,Croissance,"Très Élevé","Analyse sectorielle & OMQ"
MAT223,"Licence en Sciences Économiques","Université de Sfax","Faculté des Sciences Économiques et de Gestion de Sfax",113.4377,89.735,96.4661,ECI,Moyen,Stable,Élevé,"Analyse sectorielle & OMQ"
MAT224,"Licence en Sciences de Gestion","Université de Sfax","Faculté des Sciences Économiques et de Gestion de Sfax",103.6491,101.9315,99.1997,ECI,Moyen,Stable,Élevé,"Analyse sectorielle & OMQ"
MAT225,Médecine,"Université de Sfax","Faculté de Médecine de Sfax",179.37,184.695,187.835,IEC,"Très Élevé",Croissance,"Très Élevé","Analyse sectorielle & OMQ"
MAT226,"Licence en Arabe","Université de Sfax","Faculté des Lettres et des Sciences Humaines de Sfax",120.5941,141.3256,109.785,ASE,Faible,Stable,Modéré,"Analyse sectorielle & OMQ"
MAT227,"Licence en Français","Université de Sfax","Faculté des Lettres et des Sciences Humaines de Sfax",,,108.7603,ASE,Moyen,Stable,Élevé,"Analyse sectorielle & OMQ"
MAT228,"Licence en Chimie","Université de Sfax","Faculté des Sciences de Sfax",80.345,107.9022,99.3995,IRC,Moyen,Stable,Élevé,"Analyse sectorielle & OMQ"
MAT229,"Licence en Physique et Chimie","Université de Sfax","Faculté des Sciences de Sfax",,114.7918,98.7895,IRC,Moyen,Stable,Élevé,"Analyse sectorielle & OMQ"
MAT230,"Licence en Physique","Université de Sfax","Faculté des Sciences de Sfax",,100.21,101.3599,IRC,Moyen,Stable,Élevé,"Analyse sectorielle & OMQ"
MAT231,"Licence en Physique et Énergie","Université de Sfax","Faculté des Sciences de Sfax",94.5472,90.0402,96.9708,IRC,Élevé,Croissance,"Très Élevé","Analyse sectorielle & OMQ"
MAT232,"Licence en Mathématiques Appliquées","Université de Sfax","Faculté des Sciences de Sfax",90.7238,96.1782,102.3827,IRC,Élevé,Croissance,"Très Élevé","Analyse sectorielle & OMQ"
MAT233,"Licence en Mathématiques","Université de Sfax","Faculté des Sciences de Sfax",98.4809,98.8717,111.0267,IRC,Moyen,Stable,Élevé,"Analyse sectorielle & OMQ"
MAT234,"Licence en Sciences de la Vie","Université de Sfax","Faculté des Sciences de Sfax",,,108.45,IRC,Élevé,Croissance,Élevé,"Analyse sectorielle & OMQ"
MAT235,"Licence en Sciences de la Terre","Université de Sfax","Faculté des Sciences de Sfax",,,92.6551,IRC,Moyen,Stable,Élevé,"Analyse sectorielle & OMQ"
MAT236,"Licence en Sciences de la Vie et de la Terre","Université de Sfax","Faculté des Sciences de Sfax",,92.5851,110.4274,IRC,Élevé,Croissance,Élevé,"Analyse sectorielle & OMQ"
MAT237,"Filière préparatoire intégrée","Université de Sfax","Faculté des Sciences de Sfax",157.055,161.095,154.8317,IRC,Élevé,Croissance,"Très Élevé","Analyse sectorielle & OMQ"
MAT238,"Filière préparatoire scientifique","Université de Sfax","Faculté des Sciences de Sfax",133.59,141.135,89.8866,IRC,Moyen,Stable,Élevé,"Analyse sectorielle & OMQ"
MAT239,"Licence en Sciences Informatiques","Université de Sfax","Faculté des Sciences de Sfax",138.0407,142.9895,103.8153,IRC,Élevé,Croissance,"Très Élevé","Analyse sectorielle & OMQ"
MAT240,"Licence en Ingénierie des Systèmes d'Informatique","Université de Sfax","Faculté des Sciences de Sfax",134.315,138.145,108.6034,IRC,Élevé,Croissance,"Très Élevé","Analyse sectorielle & OMQ"
MAT241,"Licence en Biotechnologie","Université de Sfax","Faculté des Sciences de Sfax",,,108.32,IRC,Élevé,Croissance,"Très Élevé","Analyse sectorielle & OMQ"
MAT242,"Licence en Électronique Électrotechnique et Automatique","Université de Sfax","Faculté des Sciences de Sfax",104.1432,108.2868,106.326,IRC,Élevé,Croissance,"Très Élevé","Analyse sectorielle & OMQ"
MAT243,"Filière préparatoire: Biologie - Géologie","Université de Sfax","Faculté des Sciences de Sfax",112.0882,120.8033,113.685,IRC,Moyen,Stable,Élevé,"Analyse sectorielle & OMQ"
MAT244,"Licence en Droit","Université de Sfax","Faculté de Droit de Sfax",105.6035,111.5151,102.8634,ECI,Moyen,Stable,Élevé,"Analyse sectorielle & OMQ"
MAT245,"Filière préparatoire scientifique","Université de Sfax","Institut Préparatoire aux Études d'Ingénieurs de Sfax",161.43,164.815,141.49,IRC,Élevé,Croissance,"Très Élevé","Analyse sectorielle & OMQ"
MAT246,"Filière préparatoire: Biologie - Géologie","Université de Sfax","Institut Préparatoire aux Études d'Ingénieurs de Sfax",116.3167,128.9867,139.27,IRC,Moyen,Stable,Élevé,"Analyse sectorielle & OMQ"
MAT247,"Licence en Informatique de Gestion","Université de Sfax","École Supérieure de Commerce de Sfax",108.4392,132.3537,96.9351,CIE,Élevé,Croissance,"Très Élevé","Analyse sectorielle & OMQ"
MAT248,"Licence en Sciences Économiques","Université de Sfax","École Supérieure de Commerce de Sfax",109.033,113.7731,99.3122,ECI,Moyen,Stable,Élevé,"Analyse sectorielle & OMQ"
MAT249,"Licence en Sciences de Gestion","Université de Sfax","École Supérieure de Commerce de Sfax",112.4823,129.2079,130.5775,ECI,Moyen,Stable,Élevé,"Analyse sectorielle & OMQ"
MAT250,"Licence en Anesthésie et Réanimation","Université de Sfax","École Supérieure des Sciences et Techniques de la Santé de Sfax",163.4318,163.9508,147.8312,SIC,Élevé,Croissance,"Très Élevé","Analyse sectorielle & OMQ"
MAT251,"Licence en Imagerie Médicale et Radiothérapie","Université de Sfax","École Supérieure des Sciences et Techniques de la Santé de Sfax",147.9917,124.8262,131.7491,SIC,Élevé,Croissance,"Très Élevé","Analyse sectorielle & OMQ"
MAT252,"Licence en Biologie Médicale","Université de Sfax","École Supérieure des Sciences et Techniques de la Santé de Sfax",132.5302,141.1651,123.1677,SIC,Élevé,Croissance,"Très Élevé","Analyse sectorielle & OMQ"
MAT253,"Licence en Kinésithérapie","Université de Sfax","École Supérieure des Sciences et Techniques de la Santé de Sfax",154.7167,149.8214,165.5076,SIC,Élevé,Croissance,Élevé,"Analyse sectorielle & OMQ"
MAT254,"Licence en Optométrie et Lunetterie Médicale","Université de Sfax","École Supérieure des Sciences et Techniques de la Santé de Sfax",118.72,119.675,110.495,SIC,Élevé,Croissance,Élevé,"Analyse sectorielle & OMQ"
MAT255,"Licence en Instrumentation de Bloc Opératoire","Université de Sfax","École Supérieure des Sciences et Techniques de la Santé de Sfax",129.24,133.96,116.94,RIC,Élevé,Croissance,Élevé,"Analyse sectorielle & OMQ"
MAT256,"Licence en Sciences Obstétricales - Sage-femme","Université de Sfax","École Supérieure des Sciences et Techniques de la Santé de Sfax",146.0497,146.7024,143.0858,SIC,Élevé,Croissance,"Très Élevé","Analyse sectorielle & OMQ"
MAT257,"Licence en Musique et Sciences Musicales","Université de Sfax","Institut Supérieur de Musique de Sfax",,116.844,122.3599,ARE,Faible,Stable,Modéré,"Analyse sectorielle & OMQ"
MAT258,"Licence en Ingénierie du Son et Technologies Modernes","Université de Sfax","Institut Supérieur de Musique de Sfax",99.6185,114.45,108.5432,ARE,Moyen,Croissance,Modéré,"Analyse sectorielle & OMQ"
MAT259,"Filière préparatoire intégrée","Université de Sfax","Institut Supérieur d'Informatique et du Multimédia de Sfax",161.9267,167.3833,158.2567,IRC,Élevé,Croissance,"Très Élevé","Analyse sectorielle & OMQ"
MAT260,"Licence en Sciences Informatiques","Université de Sfax","Institut Supérieur d'Informatique et du Multimédia de Sfax",137.995,146.9752,98.1421,IRC,Élevé,Croissance,"Très Élevé","Analyse sectorielle & OMQ"
MAT261,"Licence en Informatique de Gestion","Université de Sfax","Institut Supérieur d'Administration des Affaires de Sfax",124.4768,129.8392,99.1193,CIE,Élevé,Croissance,"Très Élevé","Analyse sectorielle & OMQ"
MAT262,"Licence en Sciences Économiques","Université de Sfax","Institut Supérieur d'Administration des Affaires de Sfax",105.4234,106.925,101.625,ECI,Moyen,Stable,Élevé,"Analyse sectorielle & OMQ"
MAT263,"Licence en Sciences de Gestion","Université de Sfax","Institut Supérieur d'Administration des Affaires de Sfax",100.6441,98.5099,102.325,ECI,Moyen,Stable,Élevé,"Analyse sectorielle & OMQ"
MAT264,"Licence en Technologies de l'Information et de la Communication","Université de Sfax","École Nationale d'Électronique et des Télécommunications de Sfax",166.9093,172.7729,135.7527,IRC,Élevé,Croissance,"Très Élevé","Analyse sectorielle & OMQ"
MAT265,"Licence en Métrologie et Instrumentation","Université de Sfax","Institut Supérieur de Biotechnologie de Sfax",97.0867,102.8915,102.89,RIC,Élevé,Croissance,Élevé,"Analyse sectorielle & OMQ"
MAT266,"Licence en Ingénierie des Méthodes Industrielles","Université de Sfax","Institut Supérieur de Biotechnologie de Sfax",,87.4997,104.1668,RIC,Élevé,Croissance,"Très Élevé","Analyse sectorielle & OMQ"
MAT267,"Licence en Ingénierie Biologique","Université de Sfax","Institut Supérieur de Biotechnologie de Sfax",121.659,123.0928,97.74,IRC,Élevé,Croissance,"Très Élevé","Analyse sectorielle & OMQ"
MAT268,"Licence en Sciences et Technologies Alimentaires","Université de Sfax","Institut Supérieur de Biotechnologie de Sfax",101.6176,105.7803,114.7682,RIC,Élevé,Croissance,"Très Élevé","Analyse sectorielle & OMQ"
MAT269,"Licence en Biotechnologie","Université de Sfax","Institut Supérieur de Biotechnologie de Sfax",96.82,107.04,93.2334,IRC,Élevé,Croissance,"Très Élevé","Analyse sectorielle & OMQ"
MAT270,"Licence en Sciences Économiques","Université de Sfax","Institut des Hautes Études Commerciales de Sfax",111.05,106.0694,113.175,ECI,Moyen,Stable,Élevé,"Analyse sectorielle & OMQ"
MAT271,"Licence en Sciences de Gestion","Université de Sfax","Institut des Hautes Études Commerciales de Sfax",151.1964,94.0317,115.0625,ECI,Moyen,Stable,Élevé,"Analyse sectorielle & OMQ"
MAT272,"Licence en Génie Mécanique","Université de Sfax","Institut Supérieur de Gestion Industrielle de Sfax",,111.922,131.1285,RIC,Élevé,Croissance,"Très Élevé","Analyse sectorielle & OMQ"
MAT273,"Licence en Génie Industriel","Université de Sfax","Institut Supérieur de Gestion Industrielle de Sfax",88.4468,87.7035,83.5885,RIC,Élevé,Croissance,"Très Élevé","Analyse sectorielle & OMQ"
MAT274,"Licence en Ingénierie Logistique","Université de Sfax","Institut Supérieur de Gestion Industrielle de Sfax",95.2079,113.2483,101.9015,RIC,Élevé,Croissance,"Très Élevé","Analyse sectorielle & OMQ"
MAT275,"Licence en Sciences du Transport","Université de Sfax","Institut Supérieur de Gestion Industrielle de Sfax",,,90.6505,RIC,Élevé,Croissance,"Très Élevé","Analyse sectorielle & OMQ"
MAT276,"Licence en Électronique Électrotechnique et Automatique","Université de Sfax","Institut Supérieur de Gestion Industrielle de Sfax",109.9244,106.0104,107.4976,IRC,Élevé,Croissance,"Très Élevé","Analyse sectorielle & OMQ"
MAT277,"Licence en Informatique de Gestion","Université de Sfax","Institut Supérieur de Gestion Industrielle de Sfax",123.2854,132.56,102.8536,CIE,Élevé,Croissance,"Très Élevé","Analyse sectorielle & OMQ"
MAT278,"Licence en Arts Plastiques","Université de Sfax","Institut Supérieur des Arts et Métiers de Sfax",95.7058,100.6519,113.3612,ARE,Faible,Stable,Modéré,"Analyse sectorielle & OMQ"
MAT279,"Licence en Design d'Espace","Université de Sfax","Institut Supérieur des Arts et Métiers de Sfax",121.4023,128.4482,145.2365,ARE,Élevé,Croissance,Élevé,"Analyse sectorielle & OMQ"
MAT280,"Licence en Design de Produit","Université de Sfax","Institut Supérieur des Arts et Métiers de Sfax",95.7665,124.4624,95.4173,ARE,Élevé,Croissance,Élevé,"Analyse sectorielle & OMQ"
MAT281,"Licence en Design d'Image","Université de Sfax","Institut Supérieur des Arts et Métiers de Sfax",104.0468,111.5566,108.7763,ARE,Élevé,Croissance,Élevé,"Analyse sectorielle & OMQ"
MAT282,"Licence en Cinéma et Audiovisuel","Université de Sfax","Institut Supérieur des Arts et Métiers de Sfax",,97.3881,109.5573,ARE,Moyen,Croissance,Modéré,"Analyse sectorielle & OMQ"
MAT283,"Licence en Arts et Médias","Université de Sfax","Institut Supérieur des Arts et Métiers de Sfax",,105.0032,102.0552,ARE,Moyen,Croissance,Modéré,"Analyse sectorielle & OMQ"
MAT284,"Licence en Sciences et Techniques des Activités Physiques et Sportives","Université de Sfax","Institut Supérieur du Sport et de l'Éducation Physique de Sfax",126.1102,132.9101,118.369,RIC,Élevé,Croissance,Élevé,"Analyse sectorielle & OMQ"
MAT285,"Licence en Sciences Infirmières - Femmes","Université de Sfax","Institut Supérieur des Sciences Infirmières de Sfax",153.3631,159.751,153.6895,SIC,Élevé,Croissance,"Très Élevé","Analyse sectorielle & OMQ"
MAT286,"Licence en Sciences Infirmières - Hommes","Université de Sfax","Institut Supérieur des Sciences Infirmières de Sfax",131.7759,142.2886,141.2079,SIC,Élevé,Croissance,"Très Élevé","Analyse sectorielle & OMQ"
MAT287,"Licence en Sciences Agricoles","Université de Jendouba","Institut des Forêts et des Pâturages de Tabarka",,,134.071,RIC,Élevé,Croissance,"Très Élevé","Analyse sectorielle & OMQ"
MAT288,"Licence en Sciences Agricoles","Université de Jendouba","École Supérieure d'Agriculture du Kef",,,124.6443,RIC,Élevé,Croissance,"Très Élevé","Analyse sectorielle & OMQ"
MAT289,"Licence en Droit","Université de Jendouba","Faculté des Sciences Juridiques Économiques et de Gestion de Jendouba",,93.6734,92.0485,ECI,Moyen,Stable,Élevé,"Analyse sectorielle & OMQ"
MAT290,"Licence en Informatique de Gestion","Université de Jendouba","Faculté des Sciences Juridiques Économiques et de Gestion de Jendouba",119.11,100.14,94.4818,CIE,Élevé,Croissance,"Très Élevé","Analyse sectorielle & OMQ"
MAT291,"Licence en Sciences Économiques","Université de Jendouba","Faculté des Sciences Juridiques Économiques et de Gestion de Jendouba",94.7149,90.2698,87.9384,ECI,Moyen,Stable,Élevé,"Analyse sectorielle & OMQ"
MAT292,"Licence en Sciences de Gestion","Université de Jendouba","Faculté des Sciences Juridiques Économiques et de Gestion de Jendouba",90.9248,95,88.8685,ECI,Moyen,Stable,Élevé,"Analyse sectorielle & OMQ"
MAT293,"Licence en Éducation et Enseignement","Université de Jendouba","Institut Supérieur des Études Appliquées en Humanités du Kef",106.3802,117.04,122.795,SIE,Élevé,Croissance,Élevé,"Analyse sectorielle & OMQ"
MAT294,"Licence en Éducation et Enseignement","Université de Jendouba","Institut Supérieur des Sciences Humaines de Jendouba",80.8999,104.57,120.76,SIE,Élevé,Croissance,Élevé,"Analyse sectorielle & OMQ"
MAT295,"Licence en Sciences Informatiques","Université de Jendouba","Institut Supérieur des Langues Appliquées et de l'Informatique de Béja",130.445,127.82,99.8601,IRC,Élevé,Croissance,"Très Élevé","Analyse sectorielle & OMQ"
MAT296,"Licence en Sciences de la Vie et Environnement","Université de Jendouba","Institut Supérieur de Biotechnologie de Béja",,82.8,80.5166,IRC,Élevé,Croissance,Élevé,"Analyse sectorielle & OMQ"
MAT297,"Licence en Sciences et Technologies Alimentaires","Université de Jendouba","Institut Supérieur de Biotechnologie de Béja",,,104.4676,RIC,Élevé,Croissance,"Très Élevé","Analyse sectorielle & OMQ"
MAT298,"Licence en Sciences Infirmières - Femmes","Université de Jendouba","Institut Supérieur des Sciences Infirmières du Kef",145.42,149.5593,148.68,SIC,Élevé,Croissance,"Très Élevé","Analyse sectorielle & OMQ"
MAT299,"Licence en Sciences Infirmières - Hommes","Université de Jendouba","Institut Supérieur des Sciences Infirmières du Kef",127.965,130.535,126.69,SIC,Élevé,Croissance,"Très Élevé","Analyse sectorielle & OMQ"
MAT300,"Filière préparatoire intégrée en Ingénierie Biologique et Biomédicale","Université de Jendouba","Institut National de Technologie et des Sciences du Kef",111.8789,125.4417,114.6933,IRC,Élevé,Croissance,"Très Élevé","Analyse sectorielle & OMQ"
MAT301,"Licence en Mathématiques","Université de Gabès","Faculté des Sciences de Gabès",,105.2594,118.9787,IRC,Moyen,Stable,Élevé,"Analyse sectorielle & OMQ"
MAT302,"Licence en Sciences de la Vie et de la Terre","Université de Gabès","Faculté des Sciences de Gabès",118.05,112.965,98.0317,IRC,Élevé,Croissance,Élevé,"Analyse sectorielle & OMQ"
MAT303,"Licence en Sciences Informatiques","Université de Gabès","Faculté des Sciences de Gabès",107.73,97.6323,97.9747,IRC,Élevé,Croissance,"Très Élevé","Analyse sectorielle & OMQ"
MAT304,"Licence en Ingénierie des Systèmes d'Informatique","Université de Gabès","Faculté des Sciences de Gabès",,88.95,102.8067,IRC,Élevé,Croissance,"Très Élevé","Analyse sectorielle & OMQ"
MAT305,"Licence en Métrologie et Instrumentation","Université de Gabès","Faculté des Sciences de Gabès",,83.105,95.7132,RIC,Élevé,Croissance,Élevé,"Analyse sectorielle & OMQ"
MAT306,"Licence en Informatique de Gestion","Université de Gabès","Institut Supérieur de Gestion de Gabès",122.545,108.9849,91.9301,CIE,Élevé,Croissance,"Très Élevé","Analyse sectorielle & OMQ"
MAT307,"Licence en Sciences Économiques","Université de Gabès","Institut Supérieur de Gestion de Gabès",,,92.9603,ECI,Moyen,Stable,Élevé,"Analyse sectorielle & OMQ"
MAT308,"Licence en Sciences de Gestion","Université de Gabès","Institut Supérieur de Gestion de Gabès",89.9717,92.4132,89.1265,ECI,Moyen,Stable,Élevé,"Analyse sectorielle & OMQ"
MAT309,"Licence en Arabe","Université de Gabès","Institut Supérieur des Langues de Gabès",,,180.84,ASE,Faible,Stable,Modéré,"Analyse sectorielle & OMQ"
MAT310,"Licence en Éducation et Enseignement","Université de Gabès","Institut Supérieur des Langues de Gabès",90.885,122.95,138.435,SIE,Élevé,Croissance,Élevé,"Analyse sectorielle & OMQ"
MAT311,"Filière préparatoire intégrée","Université de Gabès","Institut Supérieur d'Informatique et du Multimédia de Gabès",140.1067,151.96,137.4033,IRC,Élevé,Croissance,"Très Élevé","Analyse sectorielle & OMQ"
MAT312,"Licence en Technologies de l'Information et de la Communication","Université de Gabès","Institut Supérieur d'Informatique et du Multimédia de Gabès",93.2965,90.3774,108.4934,IRC,Élevé,Croissance,"Très Élevé","Analyse sectorielle & OMQ"
MAT313,"Licence en Sciences Informatiques","Université de Gabès","Institut Supérieur d'Informatique et du Multimédia de Gabès",119.6616,123.83,86.5686,IRC,Élevé,Croissance,"Très Élevé","Analyse sectorielle & OMQ"
MAT314,"Licence en Ingénierie des Systèmes d'Informatique","Université de Gabès","Institut Supérieur d'Informatique et du Multimédia de Gabès",111.95,100.1386,90.3201,IRC,Élevé,Croissance,"Très Élevé","Analyse sectorielle & OMQ"
MAT315,"Licence en Génie Civil","Université de Gabès","Institut Supérieur des Sciences Appliquées et de Technologie de Gabès",110.735,128.0576,140.1914,RIC,Élevé,Croissance,"Très Élevé","Analyse sectorielle & OMQ"
MAT316,"Licence en Ingénierie Énergétique","Université de Gabès","Institut Supérieur des Sciences Appliquées et de Technologie de Gabès",98.597,93.475,117.5235,IRC,Élevé,Croissance,"Très Élevé","Analyse sectorielle & OMQ"
MAT317,"Licence en Électronique Électrotechnique et Automatique","Université de Gabès","Institut Supérieur des Sciences Appliquées et de Technologie de Gabès",,,111.3183,IRC,Élevé,Croissance,"Très Élevé","Analyse sectorielle & OMQ"
MAT318,"Licence en Droit","Université de Gabès","Institut Supérieur des Études Juridiques de Gabès",97.495,90.6602,106.2136,ECI,Moyen,Stable,Élevé,"Analyse sectorielle & OMQ"
MAT319,"Licence en Éducation et Enseignement","Université de Gabès","Institut Supérieur des Sciences Humaines de Médenine",94.7535,104.405,128.58,SIE,Élevé,Croissance,Élevé,"Analyse sectorielle & OMQ"
MAT320,"Licence en Design d'Image","Université de Gabès","Institut Supérieur des Arts et Métiers de Tataouine",80.0983,97.94,121.72,ARE,Élevé,Croissance,Élevé,"Analyse sectorielle & OMQ"
MAT321,"Licence en Sciences Informatiques","Université de Gabès","Institut Supérieur d'Informatique de Médenine",78.1899,86.1172,93.7179,IRC,Élevé,Croissance,"Très Élevé","Analyse sectorielle & OMQ"
MAT322,"Licence en Technologies de l'Information et de la Communication","Université de Gabès","Institut Supérieur d'Informatique de Médenine",,85.9998,112.7317,IRC,Élevé,Croissance,"Très Élevé","Analyse sectorielle & OMQ"
MAT323,"Licence en Sciences Infirmières - Femmes","Université de Gabès","Institut Supérieur des Sciences Infirmières de Gabès",145.718,162.7042,157.076,SIC,Élevé,Croissance,"Très Élevé","Analyse sectorielle & OMQ"
MAT324,"Licence en Sciences Infirmières - Hommes","Université de Gabès","Institut Supérieur des Sciences Infirmières de Gabès",133.7875,126.0193,137.3024,SIC,Élevé,Croissance,"Très Élevé","Analyse sectorielle & OMQ"
